Workbook

Sheet READ ME
B1: AIRSTRIP PROPERTY ANALYZER | Central & Eastern Oregon + Columbia Gorge (WA side)
B3: WHAT THIS DOES
B4: Screens land listings for private-runway feasibility for a Cessna 172S or 182T. For each lot it computes hot-day and cool-day density altitude, the runway length you actually need (POH distances adjusted for DA, grass surface, and a safety margin), crosswind exposure against regional prevailing winds, grade and earthwork workability, and approach obstacle clearance. It then scores the lot 0-100 and issues a verdict.
B6: HOW TO USE IT
B7: 1. Zillow killed its public API years ago and scraping violates their terms, so this is a paste-in tool, not a live feed. Set up a Zillow saved search (Land, 40+ acres, your price band, map drawn around your target areas) and let their email alerts be your data feed. LandWatch and Land.com cover rural parcels Zillow misses.
B8: 2. For each candidate, fill the YELLOW cells on the Properties tab. Everything else calculates. Enter grades as percentages (1.5% not 150%).
B9: 3. Elevation and terrain: use the county GIS parcel viewer plus Google Earth's elevation profile tool. Draw your candidate runway line, read min/max elevation along it, and that gives you longitudinal grade and cut/fill estimates. USGS 3DEP lidar (apps.nationalmap.gov) is the gold standard for Oregon and Washington.
B10: 4. Wind: the regional defaults on the Assumptions tab are planning numbers. Verify with the Iowa State Mesonet wind rose for the nearest AWOS/ASOS (KDLS for the Gorge, KRDM/KBDN for Central OR, KCVO area stations east) before you fall in love with a parcel.
B11: 5. Rows 2-4 are worked EXAMPLES showing expected formats. Overwrite or delete them. Formulas are prefilled through row 31; copy row 31 down for more.
B13: THE MATH (all levers editable on the Assumptions tab)
B14: Density altitude = field elevation + 120 x (OAT degC minus ISA temp at elevation). Required runway = the longer of takeoff-over-50ft and landing-over-50ft POH distance, compounded 10% per 1,000 ft of DA, x 1.15 grass factor, x 1.25 pilot margin. That stack is roughly 44% over book before DA even bites. Deliberate. Book numbers were flown by a Cessna test pilot with a new engine. You are neither.
B15: Crosswind = regional wind speed x sin(angle between your runway heading and prevailing wind). Approach check: obstacles need 20 ft of distance per 1 ft of height off each threshold (a 50 ft treeline needs 1,000 ft of clear ground before it).
... B25: Yellow cells with blue text = you enter. Black text = formulas, leave alone. This is a screening tool: final go/no-go comes from your POH performance tables, a site walk, and the county planning department, in that order.

Sheet Assumptions
A1: ASSUMPTIONS & LEVERS
A2: Yellow cells are editable. Every number here drives the Properties tab.
A4: AIRCRAFT PERFORMANCE (POH Section 5: sea level, ISA, max gross, paved level dry runway)
A5: Aircraft | B5: TO ground roll (ft) | C5: TO over 50 ft (ft) | D5: Ldg ground roll (ft) | E5: Ldg over 50 ft (ft) | F5: Source / notes
A6: C172S | B6: 960 | C6: 1630 | D6: 575 | E6: 1335 | F6: Cessna 172S NAV III POH, Sect. 5. Flaps 10 takeoff, full flaps landing. Verify against your serial's POH.
A7: C182T | B7: 795 | C7: 1514 | D7: 590 | E7: 1350 | F7: Cessna 182T POH, Sect. 5. Verify against your serial's POH.
A9: Design aircraft (dropdown) | B9: C172S | F9: Runway must serve the worse of takeoff and landing for the selected aircraft.
A10: Selected TO over-50 ft distance (ft) | B10: =INDEX($C$6:$C$7,MATCH($B$9,$A$6:$A$7,0)) -> 1630
A11: Selected Ldg over-50 ft distance (ft) | B11: =INDEX($E$6:$E$7,MATCH($B$9,$A$6:$A$7,0)) -> 1335
A13: PLANNING LEVERS
A14: Distance increase per 1,000 ft density altitude | B14: 0.1 | F14: Compounded. Conservative screening rule consistent with Koch chart; verify final numbers in POH tables.
A15: Grass / soft-field surface factor | B15: 1.15 | F15: POH assumes paved. Dry grass adds roughly 15% to ground roll; more if soft or long.
A16: Pilot safety margin | B16: 1.25 | F16: 1.25 = +25% over book. Raise to 1.5+ while you are new to off-airport ops. Book numbers assume perfect technique.
A17: Max acceptable crosswind component (kt) | B17: 12 | F17: C172/182 demonstrated crosswind is 15 kt. 12 kt planning cap leaves room for gusts.
A18: Max longitudinal grade | B18: 0.02 | F18: FAA small-airport guidance. Above 2% you land upslope / take off downslope and accept one-way ops.
A19: Max cross slope | B19: 0.02 | F19: Above 2% cross slope gets sporty on rollout.
A20: Max cut/fill workable with compact equipment (ft) | B20: 3 | F20: Roughly what a skid steer / compact dozer and patience can move. Beyond this you are hiring excavation.
A21: Required approach slope (ft of distance per ft of obstacle height) | B21: 20 | F21: 20:1 clear approach surface each end. A 50 ft treeline needs 1,000 ft of standoff.
A23: REGIONAL DEFAULTS (planning values; verify with nearest AWOS wind rose via Iowa State Mesonet)
A24: Region | B24: Hot-day temp (F) | C24: Cool-day temp (F) | D24: Prevailing wind (deg true) | E24: Typical wind (kt) | F24: Notes
A25: Columbia Gorge (WA side) | B25: 95 | C25: 40 | D25: 270 | E25: 18 | F25: Strong summer westerlies, winter easterlies. Same axis, so an E-W runway works both, but expect gusts and terrain rotor.
A26: Central Oregon | B26: 92 | C26: 30 | D26: 300 | E26: 10 | F26: Bend / Redmond / Prineville / Madras. NW-W afternoons, calm mornings. Elevations 2,400-4,000 ft.
A27: Eastern Oregon | B27: 92 | C27: 25 | D27: 250 | E27: 12 | F27: High desert, 4,000 ft+. SW-W winds, huge diurnal DA swing. Morning flying country.

Sheet Properties
A1: Address / listing | B1: URL | C1: Region (dropdown) | D1: Price ($) | E1: Acres | F1: $ / acre | G1: Field elev (ft) | H1: Hot-day temp (F) | I1: Cool-day temp (F) | J1: Density alt HOT (ft) | K1: Density alt COOL (ft) | L1: Req'd runway HOT (ft) | M1: Req'd runway COOL (ft) | N1: Usable run length (ft) | O1: Runway fit | P1: Runway heading (deg true) | Q1: Prevailing wind (deg) | R1: Wind speed (kt) | S1: Crosswind (kt) | T1: Wind OK? | U1: Long. grade (%) | V1: Cross slope (%) | W1: Grade OK? | X1: Max cut/fill (ft) | Y1: Earthwork OK? | Z1: End 1 obstacle ht (ft) | AA1: End 1 obstacle dist (ft) | AB1: End 2 obstacle ht (ft) | AC1: End 2 obstacle dist (ft) | AD1: Approach OK? | AE1: Score (0-100) | AF1: Verdict | AG1: Notes
A2: EXAMPLE: 92ac off Centerville Hwy, Goldendale WA | B2: https://www.zillow.com/... | C2: Columbia Gorge (WA side) | D2: 495000 | E2: 92 | F2: =IF(OR($D2="",$E2=""),"",$D2/MAX($E2,0.01)) -> 5380.4348 | G2: 1600 | H2: =IF($C2="","",INDEX(Assumptions!$B$25:$B$27,MATCH($C2,Assumptions!$A$25:$A$27,0))) -> 95 | I2: =IF($C2="","",INDEX(Assumptions!$C$25:$C$27,MATCH($C2,Assumptions!$A$25:$A$27,0))) -> 40 | J2: =IF(OR($G2="",$C2=""),"",ROUND($G2+120*((($H2-32)*5/9)-(15-1.98*$G2/1000)),0)) -> 4380 | K2: =IF(OR($G2="",$C2=""),"",ROUND($G2+120*((($I2-32)*5/9)-(15-1.98*$G2/1000)),0)) -> 713 | L2: =IF($J2="","",ROUND(MAX(Assumptions!$B$10,Assumptions!$B$11)*POWER(1+Assumptions!$B$14,MAX($J2,0)/1000)*Assumptions!$B$15*Assumptions!$B$16,0)) -> 3557 | M2: =IF($K2="","",ROUND(MAX(Assumptions!$B$10,Assumptions!$B$11)*POWER(1+Assumptions!$B$14,MAX($K2,0)/1000)*Assumptions!$B$15*Assumptions!$B$16,0)) -> 2508 | N2: 3800 | O2: =IF(OR($N2="",$L2=""),"",IF($N2>=$L2,"ALL-SEASON",IF($N2>=$M2,"COOL-DAY ONLY","TOO SHORT"))) -> ALL-SEASON | P2: 270 | Q2: =IF($C2="","",INDEX(Assumptions!$D$25:$D$27,MATCH($C2,Assumptions!$A$25:$A$27,0))) -> 270 | R2: =IF($C2="","",INDEX(Assumptions!$E$25:$E$27,MATCH($C2,Assumptions!$A$25:$A$27,0))) -> 18 | S2: =IF(OR($P2="",$C2=""),"",ROUND($R2*SIN(RADIANS(MIN(MOD(ABS($P2-$Q2),180),180-MOD(ABS($P2-$Q2),180)))),0)) -> 0 | T2: =IF($S2="","",IF($S2<=Assumptions!$B$17,"YES","NO")) -> YES | U2: 0.015 | V2: 0.01 | W2: =IF(AND($U2="",$V2=""),"",IF(AND(N($U2)<=Assumptions!$B$18,N($V2)<=Assumptions!$B$19),"YES","NO")) -> YES | X2: 2 | Y2: =IF($X2="","",IF($X2<=Assumptions!$B$20,"YES","NO")) -> YES | Z2: 0 | AA2: 0 | AB2: 30 | AC2: 900 | AD2: =IF($O2="","",IF(AND(IF(N($Z2)<=0,TRUE(),N($AA2)>=Assumptions!$B$21*N($Z2)),IF(N($AB2)<=0,TRUE(),N($AC2)>=Assumptions!$B$21*N($AB2))),"YES","NO")) -> YES | AE2: =IF($O2="","",IF($O2="TOO SHORT",0,IF($O2="ALL-SEASON",40,25)+IF($S2="",0,MAX(0,ROUND(20*(1-$S2/Assumptions!$B$17),0)))+IF($W2="YES",15,0)+IF($Y2="YES",10,0)+IF($AD2="YES",15,0))) -> 100 | AF2: =IF($AE2="","",IF($O2="TOO SHORT","REJECT",IF($AE2>=80,"STRONG",IF($AE2>=55,"MARGINAL","WEAK")))) -> STRONG | AG2: Open wheat ground; check Scenic Area boundary + Klickitat Co. CUP
A3: EXAMPLE: 160ac Christmas Valley OR | B3: https://www.landwatch.com/... | C3: Eastern Oregon | D3: 175000 | E3: 160 | F3: =IF(OR($D3="",$E3=""),"",$D3/MAX($E3,0.01)) -> 1093.75 | G3: 4320 | H3: =IF($C3="","",INDEX(Assumptions!$B$25:$B$27,MATCH($C3,Assumptions!$A$25:$A$27,0))) -> 92 | I3: =IF($C3="","",INDEX(Assumptions!$C$25:$C$27,MATCH($C3,Assumptions!$A$25:$A$27,0))) -> 25 | J3: =IF(OR($G3="",$C3=""),"",ROUND($G3+120*((($H3-32)*5/9)-(15-1.98*$G3/1000)),0)) -> 7546 | K3: =IF(OR($G3="",$C3=""),"",ROUND($G3+120*((($I3-32)*5/9)-(15-1.98*$G3/1000)),0)) -> 3080 | L3: =IF($J3="","",ROUND(MAX(Assumptions!$B$10,Assumptions!$B$11)*POWER(1+Assumptions!$B$14,MAX($J3,0)/1000)*Assumptions!$B$15*Assumptions!$B$16,0)) -> 4810 | M3: =IF($K3="","",ROUND(MAX(Assumptions!$B$10,Assumptions!$B$11)*POWER(1+Assumptions!$B$14,MAX($K3,0)/1000)*Assumptions!$B$15*Assumptions!$B$16,0)) -> 3143 | N3: 4000 | O3: =IF(OR($N3="",$L3=""),"",IF($N3>=$L3,"ALL-SEASON",IF($N3>=$M3,"COOL-DAY ONLY","TOO SHORT"))) -> COOL-DAY ONLY | P3: 250 | Q3: =IF($C3="","",INDEX(Assumptions!$D$25:$D$27,MATCH($C3,Assumptions!$A$25:$A$27,0))) -> 250 | R3: =IF($C3="","",INDEX(Assumptions!$E$25:$E$27,MATCH($C3,Assumptions!$A$25:$A$27,0))) -> 12 | S3: =IF(OR($P3="",$C3=""),"",ROUND($R3*SIN(RADIANS(MIN(MOD(ABS($P3-$Q3),180),180-MOD(ABS($P3-$Q3),180)))),0)) -> 0 | T3: =IF($S3="","",IF($S3<=Assumptions!$B$17,"YES","NO")) -> YES | U3: 0.01 | V3: 0.005 | W3: =IF(AND($U3="",$V3=""),"",IF(AND(N($U3)<=Assumptions!$B$18,N($V3)<=Assumptions!$B$19),"YES","NO")) -> YES | X3: 1.5 | Y3: =IF($X3="","",IF($X3<=Assumptions!$B$20,"YES","NO")) -> YES | Z3: 0 | AA3: 0 | AB3: 0 | AC3: 0 | AD3: =IF($O3="","",IF(AND(IF(N($Z3)<=0,TRUE(),N($AA3)>=Assumptions!$B$21*N($Z3)),IF(N($AB3)<=0,TRUE(),N($AC3)>=Assumptions!$B$21*N($AB3))),"YES","NO")) -> YES | AE3: =IF($O3="","",IF($O3="TOO SHORT",0,IF($O3="ALL-SEASON",40,25)+IF($S3="",0,MAX(0,ROUND(20*(1-$S3/Assumptions!$B$17),0)))+IF($W3="YES",15,0)+IF($Y3="YES",10,0)+IF($AD3="YES",15,0))) -> 85 | AF3: =IF($AE3="","",IF($O3="TOO SHORT","REJECT",IF($AE3>=80,"STRONG",IF($AE3>=55,"MARGINAL","WEAK")))) -> STRONG | AG3: Flat playa edge; morning ops in summer; Lake Co. EFU conditional use
A4: EXAMPLE: 20ac Tumalo / Bend OR | B4: https://www.zillow.com/... | C4: Central Oregon | D4: 675000 | E4: 20 | F4: =IF(OR($D4="",$E4=""),"",$D4/MAX($E4,0.01)) -> 33750 | G4: 3450 | H4: =IF($C4="","",INDEX(Assumptions!$B$25:$B$27,MATCH($C4,Assumptions!$A$25:$A$27,0))) -> 92 | I4: =IF($C4="","",INDEX(Assumptions!$C$25:$C$27,MATCH($C4,Assumptions!$A$25:$A$27,0))) -> 30 | J4: =IF(OR($G4="",$C4=""),"",ROUND($G4+120*((($H4-32)*5/9)-(15-1.98*$G4/1000)),0)) -> 6470 | K4: =IF(OR($G4="",$C4=""),"",ROUND($G4+120*((($I4-32)*5/9)-(15-1.98*$G4/1000)),0)) -> 2336 | L4: =IF($J4="","",ROUND(MAX(Assumptions!$B$10,Assumptions!$B$11)*POWER(1+Assumptions!$B$14,MAX($J4,0)/1000)*Assumptions!$B$15*Assumptions!$B$16,0)) -> 4341 | M4: =IF($K4="","",ROUND(MAX(Assumptions!$B$10,Assumptions!$B$11)*POWER(1+Assumptions!$B$14,MAX($K4,0)/1000)*Assumptions!$B$15*Assumptions!$B$16,0)) -> 2927 | N4: 1200 | O4: =IF(OR($N4="",$L4=""),"",IF($N4>=$L4,"ALL-SEASON",IF($N4>=$M4,"COOL-DAY ONLY","TOO SHORT"))) -> TOO SHORT | P4: 300 | Q4: =IF($C4="","",INDEX(Assumptions!$D$25:$D$27,MATCH($C4,Assumptions!$A$25:$A$27,0))) -> 300 | R4: =IF($C4="","",INDEX(Assumptions!$E$25:$E$27,MATCH($C4,Assumptions!$A$25:$A$27,0))) -> 10 | S4: =IF(OR($P4="",$C4=""),"",ROUND($R4*SIN(RADIANS(MIN(MOD(ABS($P4-$Q4),180),180-MOD(ABS($P4-$Q4),180)))),0)) -> 0 | T4: =IF($S4="","",IF($S4<=Assumptions!$B$17,"YES","NO")) -> YES | U4: 0.03 | V4: 0.02 | W4: =IF(AND($U4="",$V4=""),"",IF(AND(N($U4)<=Assumptions!$B$18,N($V4)<=Assumptions!$B$19),"YES","NO")) -> NO | X4: 4 | Y4: =IF($X4="","",IF($X4<=Assumptions!$B$20,"YES","NO")) -> NO | Z4: 60 | AA4: 400 | AB4: 0 | AC4: 0 | AD4: =IF($O4="","",IF(AND(IF(N($Z4)<=0,TRUE(),N($AA4)>=Assumptions!$B$21*N($Z4)),IF(N($AB4)<=0,TRUE(),N($AC4)>=Assumptions!$B$21*N($AB4))),"YES","NO")) -> NO | AE4: =IF($O4="","",IF($O4="TOO SHORT",0,IF($O4="ALL-SEASON",40,25)+IF($S4="",0,MAX(0,ROUND(20*(1-$S4/Assumptions!$B$17),0)))+IF($W4="YES",15,0)+IF($Y4="YES",10,0)+IF($AD4="YES",15,0))) -> 0 | AF4: =IF($AE4="","",IF($O4="TOO SHORT","REJECT",IF($AE4>=80,"STRONG",IF($AE4>=55,"MARGINAL","WEAK")))) -> REJECT | AG4: Pretty lot, hopeless geometry: 1,200 ft run at 6,500 ft summer DA
F5: =IF(OR($D5="",$E5=""),"",$D5/MAX($E5,0.01)) | H5: =IF($C5="","",INDEX(Assumptions!$B$25:$B$27,MATCH($C5,Assumptions!$A$25:$A$27,0))) | I5: =IF($C5="","",INDEX(Assumptions!$C$25:$C$27,MATCH($C5,Assumptions!$A$25:$A$27,0))) | J5: =IF(OR($G5="",$C5=""),"",ROUND($G5+120*((($H5-32)*5/9)-(15-1.98*$G5/1000)),0)) | K5: =IF(OR($G5="",$C5=""),"",ROUND($G5+120*((($I5-32)*5/9)-(15-1.98*$G5/1000)),0)) | L5: =IF($J5="","",ROUND(MAX(Assumptions!$B$10,Assumptions!$B$11)*POWER(1+Assumptions!$B$14,MAX($J5,0)/1000)*Assumptions!$B$15*Assumptions!$B$16,0)) | M5: =IF($K5="","",ROUND(MAX(Assumptions!$B$10,Assumptions!$B$11)*POWER(1+Assumptions!$B$14,MAX($K5,0)/1000)*Assumptions!$B$15*Assumptions!$B$16,0)) | O5: =IF(OR($N5="",$L5=""),"",IF($N5>=$L5,"ALL-SEASON",IF($N5>=$M5,"COOL-DAY ONLY","TOO SHORT"))) | Q5: =IF($C5="","",INDEX(Assumptions!$D$25:$D$27,MATCH($C5,Assumptions!$A$25:$A$27,0))) | R5: =IF($C5="","",INDEX(Assumptions!$E$25:$E$27,MATCH($C5,Assumptions!$A$25:$A$27,0))) | S5: =IF(OR($P5="",$C5=""),"",ROUND($R5*SIN(RADIANS(MIN(MOD(ABS($P5-$Q5),180),180-MOD(ABS($P5-$Q5),180)))),0)) | T5: =IF($S5="","",IF($S5<=Assumptions!$B$17,"YES","NO")) | W5: =IF(AND($U5="",$V5=""),"",IF(AND(N($U5)<=Assumptions!$B$18,N($V5)<=Assumptions!$B$19),"YES","NO")) | Y5: =IF($X5="","",IF($X5<=Assumptions!$B$20,"YES","NO")) | AD5: =IF($O5="","",IF(AND(IF(N($Z5)<=0,TRUE(),N($AA5)>=Assumptions!$B$21*N($Z5)),IF(N($AB5)<=0,TRUE(),N($AC5)>=Assumptions!$B$21*N($AB5))),"YES","NO")) | AE5: =IF($O5="","",IF($O5="TOO SHORT",0,IF($O5="ALL-SEASON",40,25)+IF($S5="",0,MAX(0,ROUND(20*(1-$S5/Assumptions!$B$17),0)))+IF($W5="YES",15,0)+IF($Y5="YES",10,0)+IF($AD5="YES",15,0))) | AF5: =IF($AE5="","",IF($O5="TOO SHORT","REJECT",IF($AE5>=80,"STRONG",IF($AE5>=55,"MARGINAL","WEAK"))))
F6: =IF(OR($D6="",$E6=""),"",$D6/MAX($E6,0.01)) | H6: =IF($C6="","",INDEX(Assumptions!$B$25:$B$27,MATCH($C6,Assumptions!$A$25:$A$27,0))) | I6: =IF($C6="","",INDEX(Assumptions!$C$25:$C$27,MATCH($C6,Assumptions!$A$25:$A$27,0))) | J6: =IF(OR($G6="",$C6=""),"",ROUND($G6+120*((($H6-32)*5/9)-(15-1.98*$G6/1000)),0)) | K6: =IF(OR($G6="",$C6=""),"",ROUND($G6+120*((($I6-32)*5/9)-(15-1.98*$G6/1000)),0)) | L6: =IF($J6="","",ROUND(MAX(Assumptions!$B$10,Assumptions!$B$11)*POWER(1+Assumptions!$B$14,MAX($J6,0)/1000)*Assumptions!$B$15*Assumptions!$B$16,0)) | M6: =IF($K6="","",ROUND(MAX(Assumptions!$B$10,Assumptions!$B$11)*POWER(1+Assumptions!$B$14,MAX($K6,0)/1000)*Assumptions!$B$15*Assumptions!$B$16,0)) | O6: =IF(OR($N6="",$L6=""),"",IF($N6>=$L6,"ALL-SEASON",IF($N6>=$M6,"COOL-DAY ONLY","TOO SHORT"))) | Q6: =IF($C6="","",INDEX(Assumptions!$D$25:$D$27,MATCH($C6,Assumptions!$A$25:$A$27,0))) | R6: =IF($C6="","",INDEX(Assumptions!$E$25:$E$27,MATCH($C6,Assumptions!$A$25:$A$27,0))) | S6: =IF(OR($P6="",$C6=""),"",ROUND($R6*SIN(RADIANS(MIN(MOD(ABS($P6-$Q6),180),180-MOD(ABS($P6-$Q6),180)))),0)) | T6: =IF($S6="","",IF($S6<=Assumptions!$B$17,"YES","NO")) | W6: =IF(AND($U6="",$V6=""),"",IF(AND(N($U6)<=Assumptions!$B$18,N($V6)<=Assumptions!$B$19),"YES","NO")) | Y6: =IF($X6="","",IF($X6<=Assumptions!$B$20,"YES","NO")) | AD6: =IF($O6="","",IF(AND(IF(N($Z6)<=0,TRUE(),N($AA6)>=Assumptions!$B$21*N($Z6)),IF(N($AB6)<=0,TRUE(),N($AC6)>=Assumptions!$B$21*N($AB6))),"YES","NO")) | AE6: =IF($O6="","",IF($O6="TOO SHORT",0,IF($O6="ALL-SEASON",40,25)+IF($S6="",0,MAX(0,ROUND(20*(1-$S6/Assumptions!$B$17),0)))+IF($W6="YES",15,0)+IF($Y6="YES",10,0)+IF($AD6="YES",15,0))) | AF6: =IF($AE6="","",IF($O6="TOO SHORT","REJECT",IF($AE6>=80,"STRONG",IF($AE6>=55,"MARGINAL","WEAK"))))
F7: =IF(OR($D7="",$E7=""),"",$D7/MAX($E7,0.01)) | H7: =IF($C7="","",INDEX(Assumptions!$B$25:$B$27,MATCH($C7,Assumptions!$A$25:$A$27,0))) | I7: =IF($C7="","",INDEX(Assumptions!$C$25:$C$27,MATCH($C7,Assumptions!$A$25:$A$27,0))) | J7: =IF(OR($G7="",$C7=""),"",ROUND($G7+120*((($H7-32)*5/9)-(15-1.98*$G7/1000)),0)) | K7: =IF(OR($G7="",$C7=""),"",ROUND($G7+120*((($I7-32)*5/9)-(15-1.98*$G7/1000)),0)) | L7: =IF($J7="","",ROUND(MAX(Assumptions!$B$10,Assumptions!$B$11)*POWER(1+Assumptions!$B$14,MAX($J7,0)/1000)*Assumptions!$B$15*Assumptions!$B$16,0)) | M7: =IF($K7="","",ROUND(MAX(Assumptions!$B$10,Assumptions!$B$11)*POWER(1+Assumptions!$B$14,MAX($K7,0)/1000)*Assumptions!$B$15*Assumptions!$B$16,0)) | O7: =IF(OR($N7="",$L7=""),"",IF($N7>=$L7,"ALL-SEASON",IF($N7>=$M7,"COOL-DAY ONLY","TOO SHORT"))) | Q7: =IF($C7="","",INDEX(Assumptions!$D$25:$D$27,MATCH($C7,Assumptions!$A$25:$A$27,0))) | R7: =IF($C7="","",INDEX(Assumptions!$E$25:$E$27,MATCH($C7,Assumptions!$A$25:$A$27,0))) | S7: =IF(OR($P7="",$C7=""),"",ROUND($R7*SIN(RADIANS(MIN(MOD(ABS($P7-$Q7),180),180-MOD(ABS($P7-$Q7),180)))),0)) | T7: =IF($S7="","",IF($S7<=Assumptions!$B$17,"YES","NO")) | W7: =IF(AND($U7="",$V7=""),"",IF(AND(N($U7)<=Assumptions!$B$18,N($V7)<=Assumptions!$B$19),"YES","NO")) | Y7: =IF($X7="","",IF($X7<=Assumptions!$B$20,"YES","NO")) | AD7: =IF($O7="","",IF(AND(IF(N($Z7)<=0,TRUE(),N($AA7)>=Assumptions!$B$21*N($Z7)),IF(N($AB7)<=0,TRUE(),N($AC7)>=Assumptions!$B$21*N($AB7))),"YES","NO")) | AE7: =IF($O7="","",IF($O7="TOO SHORT",0,IF($O7="ALL-SEASON",40,25)+IF($S7="",0,MAX(0,ROUND(20*(1-$S7/Assumptions!$B$17),0)))+IF($W7="YES",15,0)+IF($Y7="YES",10,0)+IF($AD7="YES",15,0))) | AF7: =IF($AE7="","",IF($O7="TOO SHORT","REJECT",IF($AE7>=80,"STRONG",IF($AE7>=55,"MARGINAL","WEAK"))))
F8: =IF(OR($D8="",$E8=""),"",$D8/MAX($E8,0.01)) | H8: =IF($C8="","",INDEX(Assumptions!$B$25:$B$27,MATCH($C8,Assumptions!$A$25:$A$27,0))) | I8: =IF($C8="","",INDEX(Assumptions!$C$25:$C$27,MATCH($C8,Assumptions!$A$25:$A$27,0))) | J8: =IF(OR($G8="",$C8=""),"",ROUND($G8+120*((($H8-32)*5/9)-(15-1.98*$G8/1000)),0)) | K8: =IF(OR($G8="",$C8=""),"",ROUND($G8+120*((($I8-32)*5/9)-(15-1.98*$G8/1000)),0)) | L8: =IF($J8="","",ROUND(MAX(Assumptions!$B$10,Assumptions!$B$11)*POWER(1+Assumptions!$B$14,MAX($J8,0)/1000)*Assumptions!$B$15*Assumptions!$B$16,0)) | M8: =IF($K8="","",ROUND(MAX(Assumptions!$B$10,Assumptions!$B$11)*POWER(1+Assumptions!$B$14,MAX($K8,0)/1000)*Assumptions!$B$15*Assumptions!$B$16,0)) | O8: =IF(OR($N8="",$L8=""),"",IF($N8>=$L8,"ALL-SEASON",IF($N8>=$M8,"COOL-DAY ONLY","TOO SHORT"))) | Q8: =IF($C8="","",INDEX(Assumptions!$D$25:$D$27,MATCH($C8,Assumptions!$A$25:$A$27,0))) | R8: =IF($C8="","",INDEX(Assumptions!$E$25:$E$27,MATCH($C8,Assumptions!$A$25:$A$27,0))) | S8: =IF(OR($P8="",$C8=""),"",ROUND($R8*SIN(RADIANS(MIN(MOD(ABS($P8-$Q8),180),180-MOD(ABS($P8-$Q8),180)))),0)) | T8: =IF($S8="","",IF($S8<=Assumptions!$B$17,"YES","NO")) | W8: =IF(AND($U8="",$V8=""),"",IF(AND(N($U8)<=Assumptions!$B$18,N($V8)<=Assumptions!$B$19),"YES","NO")) | Y8: =IF($X8="","",IF($X8<=Assumptions!$B$20,"YES","NO")) | AD8: =IF($O8="","",IF(AND(IF(N($Z8)<=0,TRUE(),N($AA8)>=Assumptions!$B$21*N($Z8)),IF(N($AB8)<=0,TRUE(),N($AC8)>=Assumptions!$B$21*N($AB8))),"YES","NO")) | AE8: =IF($O8="","",IF($O8="TOO SHORT",0,IF($O8="ALL-SEASON",40,25)+IF($S8="",0,MAX(0,ROUND(20*(1-$S8/Assumptions!$B$17),0)))+IF($W8="YES",15,0)+IF($Y8="YES",10,0)+IF($AD8="YES",15,0))) | AF8: =IF($AE8="","",IF($O8="TOO SHORT","REJECT",IF($AE8>=80,"STRONG",IF($AE8>=55,"MARGINAL","WEAK"))))
F9: =IF(OR($D9="",$E9=""),"",$D9/MAX($E9,0.01)) | H9: =IF($C9="","",INDEX(Assumptions!$B$25:$B$27,MATCH($C9,Assumptions!$A$25:$A$27,0))) | I9: =IF($C9="","",INDEX(Assumptions!$C$25:$C$27,MATCH($C9,Assumptions!$A$25:$A$27,0))) | J9: =IF(OR($G9="",$C9=""),"",ROUND($G9+120*((($H9-32)*5/9)-(15-1.98*$G9/1000)),0)) | K9: =IF(OR($G9="",$C9=""),"",ROUND($G9+120*((($I9-32)*5/9)-(15-1.98*$G9/1000)),0)) | L9: =IF($J9="","",ROUND(MAX(Assumptions!$B$10,Assumptions!$B$11)*POWER(1+Assumptions!$B$14,MAX($J9,0)/1000)*Assumptions!$B$15*Assumptions!$B$16,0)) | M9: =IF($K9="","",ROUND(MAX(Assumptions!$B$10,Assumptions!$B$11)*POWER(1+Assumptions!$B$14,MAX($K9,0)/1000)*Assumptions!$B$15*Assumptions!$B$16,0)) | O9: =IF(OR($N9="",$L9=""),"",IF($N9>=$L9,"ALL-SEASON",IF($N9>=$M9,"COOL-DAY ONLY","TOO SHORT"))) | Q9: =IF($C9="","",INDEX(Assumptions!$D$25:$D$27,MATCH($C9,Assumptions!$A$25:$A$27,0))) | R9: =IF($C9="","",INDEX(Assumptions!$E$25:$E$27,MATCH($C9,Assumptions!$A$25:$A$27,0))) | S9: =IF(OR($P9="",$C9=""),"",ROUND($R9*SIN(RADIANS(MIN(MOD(ABS($P9-$Q9),180),180-MOD(ABS($P9-$Q9),180)))),0)) | T9: =IF($S9="","",IF($S9<=Assumptions!$B$17,"YES","NO")) | W9: =IF(AND($U9="",$V9=""),"",IF(AND(N($U9)<=Assumptions!$B$18,N($V9)<=Assumptions!$B$19),"YES","NO")) | Y9: =IF($X9="","",IF($X9<=Assumptions!$B$20,"YES","NO")) | AD9: =IF($O9="","",IF(AND(IF(N($Z9)<=0,TRUE(),N($AA9)>=Assumptions!$B$21*N($Z9)),IF(N($AB9)<=0,TRUE(),N($AC9)>=Assumptions!$B$21*N($AB9))),"YES","NO")) | AE9: =IF($O9="","",IF($O9="TOO SHORT",0,IF($O9="ALL-SEASON",40,25)+IF($S9="",0,MAX(0,ROUND(20*(1-$S9/Assumptions!$B$17),0)))+IF($W9="YES",15,0)+IF($Y9="YES",10,0)+IF($AD9="YES",15,0))) | AF9: =IF($AE9="","",IF($O9="TOO SHORT","REJECT",IF($AE9>=80,"STRONG",IF($AE9>=55,"MARGINAL","WEAK"))))
F10: =IF(OR($D10="",$E10=""),"",$D10/MAX($E10,0.01)) | H10: =IF($C10="","",INDEX(Assumptions!$B$25:$B$27,MATCH($C10,Assumptions!$A$25:$A$27,0))) | I10: =IF($C10="","",INDEX(Assumptions!$C$25:$C$27,MATCH($C10,Assumptions!$A$25:$A$27,0))) | J10: =IF(OR($G10="",$C10=""),"",ROUND($G10+120*((($H10-32)*5/9)-(15-1.98*$G10/1000)),0)) | K10: =IF(OR($G10="",$C10=""),"",ROUND($G10+120*((($I10-32)*5/9)-(15-1.98*$G10/1000)),0)) | L10: =IF($J10="","",ROUND(MAX(Assumptions!$B$10,Assumptions!$B$11)*POWER(1+Assumptions!$B$14,MAX($J10,0)/1000)*Assumptions!$B$15*Assumptions!$B$16,0)) | M10: =IF($K10="","",ROUND(MAX(Assumptions!$B$10,Assumptions!$B$11)*POWER(1+Assumptions!$B$14,MAX($K10,0)/1000)*Assumptions!$B$15*Assumptions!$B$16,0)) | O10: =IF(OR($N10="",$L10=""),"",IF($N10>=$L10,"ALL-SEASON",IF($N10>=$M10,"COOL-DAY ONLY","TOO SHORT"))) | Q10: =IF($C10="","",INDEX(Assumptions!$D$25:$D$27,MATCH($C10,Assumptions!$A$25:$A$27,0))) | R10: =IF($C10="","",INDEX(Assumptions!$E$25:$E$27,MATCH($C10,Assumptions!$A$25:$A$27,0))) | S10: =IF(OR($P10="",$C10=""),"",ROUND($R10*SIN(RADIANS(MIN(MOD(ABS($P10-$Q10),180),180-MOD(ABS($P10-$Q10),180)))),0)) | T10: =IF($S10="","",IF($S10<=Assumptions!$B$17,"YES","NO")) | W10: =IF(AND($U10="",$V10=""),"",IF(AND(N($U10)<=Assumptions!$B$18,N($V10)<=Assumptions!$B$19),"YES","NO")) | Y10: =IF($X10="","",IF($X10<=Assumptions!$B$20,"YES","NO")) | AD10: =IF($O10="","",IF(AND(IF(N($Z10)<=0,TRUE(),N($AA10)>=Assumptions!$B$21*N($Z10)),IF(N($AB10)<=0,TRUE(),N($AC10)>=Assumptions!$B$21*N($AB10))),"YES","NO")) | AE10: =IF($O10="","",IF($O10="TOO SHORT",0,IF($O10="ALL-SEASON",40,25)+IF($S10="",0,MAX(0,ROUND(20*(1-$S10/Assumptions!$B$17),0)))+IF($W10="YES",15,0)+IF($Y10="YES",10,0)+IF($AD10="YES",15,0))) | AF10: =IF($AE10="","",IF($O10="TOO SHORT","REJECT",IF($AE10>=80,"STRONG",IF($AE10>=55,"MARGINAL","WEAK"))))
F11: =IF(OR($D11="",$E11=""),"",$D11/MAX($E11,0.01)) | H11: =IF($C11="","",INDEX(Assumptions!$B$25:$B$27,MATCH($C11,Assumptions!$A$25:$A$27,0))) | I11: =IF($C11="","",INDEX(Assumptions!$C$25:$C$27,MATCH($C11,Assumptions!$A$25:$A$27,0))) | J11: =IF(OR($G11="",$C11=""),"",ROUND($G11+120*((($H11-32)*5/9)-(15-1.98*$G11/1000)),0)) | K11: =IF(OR($G11="",$C11=""),"",ROUND($G11+120*((($I11-32)*5/9)-(15-1.98*$G11/1000)),0)) | L11: =IF($J11="","",ROUND(MAX(Assumptions!$B$10,Assumptions!$B$11)*POWER(1+Assumptions!$B$14,MAX($J11,0)/1000)*Assumptions!$B$15*Assumptions!$B$16,0)) | M11: =IF($K11="","",ROUND(MAX(Assumptions!$B$10,Assumptions!$B$11)*POWER(1+Assumptions!$B$14,MAX($K11,0)/1000)*Assumptions!$B$15*Assumptions!$B$16,0)) | O11: =IF(OR($N11="",$L11=""),"",IF($N11>=$L11,"ALL-SEASON",IF($N11>=$M11,"COOL-DAY ONLY","TOO SHORT"))) | Q11: =IF($C11="","",INDEX(Assumptions!$D$25:$D$27,MATCH($C11,Assumptions!$A$25:$A$27,0))) | R11: =IF($C11="","",INDEX(Assumptions!$E$25:$E$27,MATCH($C11,Assumptions!$A$25:$A$27,0))) | S11: =IF(OR($P11="",$C11=""),"",ROUND($R11*SIN(RADIANS(MIN(MOD(ABS($P11-$Q11),180),180-MOD(ABS($P11-$Q11),180)))),0)) | T11: =IF($S11="","",IF($S11<=Assumptions!$B$17,"YES","NO")) | W11: =IF(AND($U11="",$V11=""),"",IF(AND(N($U11)<=Assumptions!$B$18,N($V11)<=Assumptions!$B$19),"YES","NO")) | Y11: =IF($X11="","",IF($X11<=Assumptions!$B$20,"YES","NO")) | AD11: =IF($O11="","",IF(AND(IF(N($Z11)<=0,TRUE(),N($AA11)>=Assumptions!$B$21*N($Z11)),IF(N($AB11)<=0,TRUE(),N($AC11)>=Assumptions!$B$21*N($AB11))),"YES","NO")) | AE11: =IF($O11="","",IF($O11="TOO SHORT",0,IF($O11="ALL-SEASON",40,25)+IF($S11="",0,MAX(0,ROUND(20*(1-$S11/Assumptions!$B$17),0)))+IF($W11="YES",15,0)+IF($Y11="YES",10,0)+IF($AD11="YES",15,0))) | AF11: =IF($AE11="","",IF($O11="TOO SHORT","REJECT",IF($AE11>=80,"STRONG",IF($AE11>=55,"MARGINAL","WEAK"))))
F12: =IF(OR($D12="",$E12=""),"",$D12/MAX($E12,0.01)) | H12: =IF($C12="","",INDEX(Assumptions!$B$25:$B$27,MATCH($C12,Assumptions!$A$25:$A$27,0))) | I12: =IF($C12="","",INDEX(Assumptions!$C$25:$C$27,MATCH($C12,Assumptions!$A$25:$A$27,0))) | J12: =IF(OR($G12="",$C12=""),"",ROUND($G12+120*((($H12-32)*5/9)-(15-1.98*$G12/1000)),0)) | K12: =IF(OR($G12="",$C12=""),"",ROUND($G12+120*((($I12-32)*5/9)-(15-1.98*$G12/1000)),0)) | L12: =IF($J12="","",ROUND(MAX(Assumptions!$B$10,Assumptions!$B$11)*POWER(1+Assumptions!$B$14,MAX($J12,0)/1000)*Assumptions!$B$15*Assumptions!$B$16,0)) | M12: =IF($K12="","",ROUND(MAX(Assumptions!$B$10,Assumptions!$B$11)*POWER(1+Assumptions!$B$14,MAX($K12,0)/1000)*Assumptions!$B$15*Assumptions!$B$16,0)) | O12: =IF(OR($N12="",$L12=""),"",IF($N12>=$L12,"ALL-SEASON",IF($N12>=$M12,"COOL-DAY ONLY","TOO SHORT"))) | Q12: =IF($C12="","",INDEX(Assumptions!$D$25:$D$27,MATCH($C12,Assumptions!$A$25:$A$27,0))) | R12: =IF($C12="","",INDEX(Assumptions!$E$25:$E$27,MATCH($C12,Assumptions!$A$25:$A$27,0))) | S12: =IF(OR($P12="",$C12=""),"",ROUND($R12*SIN(RADIANS(MIN(MOD(ABS($P12-$Q12),180),180-MOD(ABS($P12-$Q12),180)))),0)) | T12: =IF($S12="","",IF($S12<=Assumptions!$B$17,"YES","NO")) | W12: =IF(AND($U12="",$V12=""),"",IF(AND(N($U12)<=Assumptions!$B$18,N($V12)<=Assumptions!$B$19),"YES","NO")) | Y12: =IF($X12="","",IF($X12<=Assumptions!$B$20,"YES","NO")) | AD12: =IF($O12="","",IF(AND(IF(N($Z12)<=0,TRUE(),N($AA12)>=Assumptions!$B$21*N($Z12)),IF(N($AB12)<=0,TRUE(),N($AC12)>=Assumptions!$B$21*N($AB12))),"YES","NO")) | AE12: =IF($O12="","",IF($O12="TOO SHORT",0,IF($O12="ALL-SEASON",40,25)+IF($S12="",0,MAX(0,ROUND(20*(1-$S12/Assumptions!$B$17),0)))+IF($W12="YES",15,0)+IF($Y12="YES",10,0)+IF($AD12="YES",15,0))) | AF12: =IF($AE12="","",IF($O12="TOO SHORT","REJECT",IF($AE12>=80,"STRONG",IF($AE12>=55,"MARGINAL","WEAK"))))
F13: =IF(OR($D13="",$E13=""),"",$D13/MAX($E13,0.01)) | H13: =IF($C13="","",INDEX(Assumptions!$B$25:$B$27,MATCH($C13,Assumptions!$A$25:$A$27,0))) | I13: =IF($C13="","",INDEX(Assumptions!$C$25:$C$27,MATCH($C13,Assumptions!$A$25:$A$27,0))) | J13: =IF(OR($G13="",$C13=""),"",ROUND($G13+120*((($H13-32)*5/9)-(15-1.98*$G13/1000)),0)) | K13: =IF(OR($G13="",$C13=""),"",ROUND($G13+120*((($I13-32)*5/9)-(15-1.98*$G13/1000)),0)) | L13: =IF($J13="","",ROUND(MAX(Assumptions!$B$10,Assumptions!$B$11)*POWER(1+Assumptions!$B$14,MAX($J13,0)/1000)*Assumptions!$B$15*Assumptions!$B$16,0)) | M13: =IF($K13="","",ROUND(MAX(Assumptions!$B$10,Assumptions!$B$11)*POWER(1+Assumptions!$B$14,MAX($K13,0)/1000)*Assumptions!$B$15*Assumptions!$B$16,0)) | O13: =IF(OR($N13="",$L13=""),"",IF($N13>=$L13,"ALL-SEASON",IF($N13>=$M13,"COOL-DAY ONLY","TOO SHORT"))) | Q13: =IF($C13="","",INDEX(Assumptions!$D$25:$D$27,MATCH($C13,Assumptions!$A$25:$A$27,0))) | R13: =IF($C13="","",INDEX(Assumptions!$E$25:$E$27,MATCH($C13,Assumptions!$A$25:$A$27,0))) | S13: =IF(OR($P13="",$C13=""),"",ROUND($R13*SIN(RADIANS(MIN(MOD(ABS($P13-$Q13),180),180-MOD(ABS($P13-$Q13),180)))),0)) | T13: =IF($S13="","",IF($S13<=Assumptions!$B$17,"YES","NO")) | W13: =IF(AND($U13="",$V13=""),"",IF(AND(N($U13)<=Assumptions!$B$18,N($V13)<=Assumptions!$B$19),"YES","NO")) | Y13: =IF($X13="","",IF($X13<=Assumptions!$B$20,"YES","NO")) | AD13: =IF($O13="","",IF(AND(IF(N($Z13)<=0,TRUE(),N($AA13)>=Assumptions!$B$21*N($Z13)),IF(N($AB13)<=0,TRUE(),N($AC13)>=Assumptions!$B$21*N($AB13))),"YES","NO")) | AE13: =IF($O13="","",IF($O13="TOO SHORT",0,IF($O13="ALL-SEASON",40,25)+IF($S13="",0,MAX(0,ROUND(20*(1-$S13/Assumptions!$B$17),0)))+IF($W13="YES",15,0)+IF($Y13="YES",10,0)+IF($AD13="YES",15,0))) | AF13: =IF($AE13="","",IF($O13="TOO SHORT","REJECT",IF($AE13>=80,"STRONG",IF($AE13>=55,"MARGINAL","WEAK"))))
F14: =IF(OR($D14="",$E14=""),"",$D14/MAX($E14,0.01)) | H14: =IF($C14="","",INDEX(Assumptions!$B$25:$B$27,MATCH($C14,Assumptions!$A$25:$A$27,0))) | I14: =IF($C14="","",INDEX(Assumptions!$C$25:$C$27,MATCH($C14,Assumptions!$A$25:$A$27,0))) | J14: =IF(OR($G14="",$C14=""),"",ROUND($G14+120*((($H14-32)*5/9)-(15-1.98*$G14/1000)),0)) | K14: =IF(OR($G14="",$C14=""),"",ROUND($G14+120*((($I14-32)*5/9)-(15-1.98*$G14/1000)),0)) | L14: =IF($J14="","",ROUND(MAX(Assumptions!$B$10,Assumptions!$B$11)*POWER(1+Assumptions!$B$14,MAX($J14,0)/1000)*Assumptions!$B$15*Assumptions!$B$16,0)) | M14: =IF($K14="","",ROUND(MAX(Assumptions!$B$10,Assumptions!$B$11)*POWER(1+Assumptions!$B$14,MAX($K14,0)/1000)*Assumptions!$B$15*Assumptions!$B$16,0)) | O14: =IF(OR($N14="",$L14=""),"",IF($N14>=$L14,"ALL-SEASON",IF($N14>=$M14,"COOL-DAY ONLY","TOO SHORT"))) | Q14: =IF($C14="","",INDEX(Assumptions!$D$25:$D$27,MATCH($C14,Assumptions!$A$25:$A$27,0))) | R14: =IF($C14="","",INDEX(Assumptions!$E$25:$E$27,MATCH($C14,Assumptions!$A$25:$A$27,0))) | S14: =IF(OR($P14="",$C14=""),"",ROUND($R14*SIN(RADIANS(MIN(MOD(ABS($P14-$Q14),180),180-MOD(ABS($P14-$Q14),180)))),0)) | T14: =IF($S14="","",IF($S14<=Assumptions!$B$17,"YES","NO")) | W14: =IF(AND($U14="",$V14=""),"",IF(AND(N($U14)<=Assumptions!$B$18,N($V14)<=Assumptions!$B$19),"YES","NO")) | Y14: =IF($X14="","",IF($X14<=Assumptions!$B$20,"YES","NO")) | AD14: =IF($O14="","",IF(AND(IF(N($Z14)<=0,TRUE(),N($AA14)>=Assumptions!$B$21*N($Z14)),IF(N($AB14)<=0,TRUE(),N($AC14)>=Assumptions!$B$21*N($AB14))),"YES","NO")) | AE14: =IF($O14="","",IF($O14="TOO SHORT",0,IF($O14="ALL-SEASON",40,25)+IF($S14="",0,MAX(0,ROUND(20*(1-$S14/Assumptions!$B$17),0)))+IF($W14="YES",15,0)+IF($Y14="YES",10,0)+IF($AD14="YES",15,0))) | AF14: =IF($AE14="","",IF($O14="TOO SHORT","REJECT",IF($AE14>=80,"STRONG",IF($AE14>=55,"MARGINAL","WEAK"))))
F15: =IF(OR($D15="",$E15=""),"",$D15/MAX($E15,0.01)) | H15: =IF($C15="","",INDEX(Assumptions!$B$25:$B$27,MATCH($C15,Assumptions!$A$25:$A$27,0))) | I15: =IF($C15="","",INDEX(Assumptions!$C$25:$C$27,MATCH($C15,Assumptions!$A$25:$A$27,0))) | J15: =IF(OR($G15="",$C15=""),"",ROUND($G15+120*((($H15-32)*5/9)-(15-1.98*$G15/1000)),0)) | K15: =IF(OR($G15="",$C15=""),"",ROUND($G15+120*((($I15-32)*5/9)-(15-1.98*$G15/1000)),0)) | L15: =IF($J15="","",ROUND(MAX(Assumptions!$B$10,Assumptions!$B$11)*POWER(1+Assumptions!$B$14,MAX($J15,0)/1000)*Assumptions!$B$15*Assumptions!$B$16,0)) | M15: =IF($K15="","",ROUND(MAX(Assumptions!$B$10,Assumptions!$B$11)*POWER(1+Assumptions!$B$14,MAX($K15,0)/1000)*Assumptions!$B$15*Assumptions!$B$16,0)) | O15: =IF(OR($N15="",$L15=""),"",IF($N15>=$L15,"ALL-SEASON",IF($N15>=$M15,"COOL-DAY ONLY","TOO SHORT"))) | Q15: =IF($C15="","",INDEX(Assumptions!$D$25:$D$27,MATCH($C15,Assumptions!$A$25:$A$27,0))) | R15: =IF($C15="","",INDEX(Assumptions!$E$25:$E$27,MATCH($C15,Assumptions!$A$25:$A$27,0))) | S15: =IF(OR($P15="",$C15=""),"",ROUND($R15*SIN(RADIANS(MIN(MOD(ABS($P15-$Q15),180),180-MOD(ABS($P15-$Q15),180)))),0)) | T15: =IF($S15="","",IF($S15<=Assumptions!$B$17,"YES","NO")) | W15: =IF(AND($U15="",$V15=""),"",IF(AND(N($U15)<=Assumptions!$B$18,N($V15)<=Assumptions!$B$19),"YES","NO")) | Y15: =IF($X15="","",IF($X15<=Assumptions!$B$20,"YES","NO")) | AD15: =IF($O15="","",IF(AND(IF(N($Z15)<=0,TRUE(),N($AA15)>=Assumptions!$B$21*N($Z15)),IF(N($AB15)<=0,TRUE(),N($AC15)>=Assumptions!$B$21*N($AB15))),"YES","NO")) | AE15: =IF($O15="","",IF($O15="TOO SHORT",0,IF($O15="ALL-SEASON",40,25)+IF($S15="",0,MAX(0,ROUND(20*(1-$S15/Assumptions!$B$17),0)))+IF($W15="YES",15,0)+IF($Y15="YES",10,0)+IF($AD15="YES",15,0))) | AF15: =IF($AE15="","",IF($O15="TOO SHORT","REJECT",IF($AE15>=80,"STRONG",IF($AE15>=55,"MARGINAL","WEAK"))))
F16: =IF(OR($D16="",$E16=""),"",$D16/MAX($E16,0.01)) | H16: =IF($C16="","",INDEX(Assumptions!$B$25:$B$27,MATCH($C16,Assumptions!$A$25:$A$27,0))) | I16: =IF($C16="","",INDEX(Assumptions!$C$25:$C$27,MATCH($C16,Assumptions!$A$25:$A$27,0))) | J16: =IF(OR($G16="",$C16=""),"",ROUND($G16+120*((($H16-32)*5/9)-(15-1.98*$G16/1000)),0)) | K16: =IF(OR($G16="",$C16=""),"",ROUND($G16+120*((($I16-32)*5/9)-(15-1.98*$G16/1000)),0)) | L16: =IF($J16="","",ROUND(MAX(Assumptions!$B$10,Assumptions!$B$11)*POWER(1+Assumptions!$B$14,MAX($J16,0)/1000)*Assumptions!$B$15*Assumptions!$B$16,0)) | M16: =IF($K16="","",ROUND(MAX(Assumptions!$B$10,Assumptions!$B$11)*POWER(1+Assumptions!$B$14,MAX($K16,0)/1000)*Assumptions!$B$15*Assumptions!$B$16,0)) | O16: =IF(OR($N16="",$L16=""),"",IF($N16>=$L16,"ALL-SEASON",IF($N16>=$M16,"COOL-DAY ONLY","TOO SHORT"))) | Q16: =IF($C16="","",INDEX(Assumptions!$D$25:$D$27,MATCH($C16,Assumptions!$A$25:$A$27,0))) | R16: =IF($C16="","",INDEX(Assumptions!$E$25:$E$27,MATCH($C16,Assumptions!$A$25:$A$27,0))) | S16: =IF(OR($P16="",$C16=""),"",ROUND($R16*SIN(RADIANS(MIN(MOD(ABS($P16-$Q16),180),180-MOD(ABS($P16-$Q16),180)))),0)) | T16: =IF($S16="","",IF($S16<=Assumptions!$B$17,"YES","NO")) | W16: =IF(AND($U16="",$V16=""),"",IF(AND(N($U16)<=Assumptions!$B$18,N($V16)<=Assumptions!$B$19),"YES","NO")) | Y16: =IF($X16="","",IF($X16<=Assumptions!$B$20,"YES","NO")) | AD16: =IF($O16="","",IF(AND(IF(N($Z16)<=0,TRUE(),N($AA16)>=Assumptions!$B$21*N($Z16)),IF(N($AB16)<=0,TRUE(),N($AC16)>=Assumptions!$B$21*N($AB16))),"YES","NO")) | AE16: =IF($O16="","",IF($O16="TOO SHORT",0,IF($O16="ALL-SEASON",40,25)+IF($S16="",0,MAX(0,ROUND(20*(1-$S16/Assumptions!$B$17),0)))+IF($W16="YES",15,0)+IF($Y16="YES",10,0)+IF($AD16="YES",15,0))) | AF16: =IF($AE16="","",IF($O16="TOO SHORT","REJECT",IF($AE16>=80,"STRONG",IF($AE16>=55,"MARGINAL","WEAK"))))
... F31: =IF(OR($D31="",$E31=""),"",$D31/MAX($E31,0.01)) | H31: =IF($C31="","",INDEX(Assumptions!$B$25:$B$27,MATCH($C31,Assumptions!$A$25:$A$27,0))) | I31: =IF($C31="","",INDEX(Assumptions!$C$25:$C$27,MATCH($C31,Assumptions!$A$25:$A$27,0))) | J31: =IF(OR($G31="",$C31=""),"",ROUND($G31+120*((($H31-32)*5/9)-(15-1.98*$G31/1000)),0)) | K31: =IF(OR($G31="",$C31=""),"",ROUND($G31+120*((($I31-32)*5/9)-(15-1.98*$G31/1000)),0)) | L31: =IF($J31="","",ROUND(MAX(Assumptions!$B$10,Assumptions!$B$11)*POWER(1+Assumptions!$B$14,MAX($J31,0)/1000)*Assumptions!$B$15*Assumptions!$B$16,0)) | M31: =IF($K31="","",ROUND(MAX(Assumptions!$B$10,Assumptions!$B$11)*POWER(1+Assumptions!$B$14,MAX($K31,0)/1000)*Assumptions!$B$15*Assumptions!$B$16,0)) | O31: =IF(OR($N31="",$L31=""),"",IF($N31>=$L31,"ALL-SEASON",IF($N31>=$M31,"COOL-DAY ONLY","TOO SHORT"))) | Q31: =IF($C31="","",INDEX(Assumptions!$D$25:$D$27,MATCH($C31,Assumptions!$A$25:$A$27,0))) | R31: =IF($C31="","",INDEX(Assumptions!$E$25:$E$27,MATCH($C31,Assumptions!$A$25:$A$27,0))) | S31: =IF(OR($P31="",$C31=""),"",ROUND($R31*SIN(RADIANS(MIN(MOD(ABS($P31-$Q31),180),180-MOD(ABS($P31-$Q31),180)))),0)) | T31: =IF($S31="","",IF($S31<=Assumptions!$B$17,"YES","NO")) | W31: =IF(AND($U31="",$V31=""),"",IF(AND(N($U31)<=Assumptions!$B$18,N($V31)<=Assumptions!$B$19),"YES","NO")) | Y31: =IF($X31="","",IF($X31<=Assumptions!$B$20,"YES","NO")) | AD31: =IF($O31="","",IF(AND(IF(N($Z31)<=0,TRUE(),N($AA31)>=Assumptions!$B$21*N($Z31)),IF(N($AB31)<=0,TRUE(),N($AC31)>=Assumptions!$B$21*N($AB31))),"YES","NO")) | AE31: =IF($O31="","",IF($O31="TOO SHORT",0,IF($O31="ALL-SEASON",40,25)+IF($S31="",0,MAX(0,ROUND(20*(1-$S31/Assumptions!$B$17),0)))+IF($W31="YES",15,0)+IF($Y31="YES",10,0)+IF($AD31="YES",15,0))) | AF31: =IF($AE31="","",IF($O31="TOO SHORT","REJECT",IF($AE31>=80,"STRONG",IF($AE31>=55,"MARGINAL","WEAK"))))
